{"cameraMode":{"drawMode":0,"name":"Shaded","section":"Shading Mode"},"sceneLighting":false,"audioPlay":false,"sceneViewState":{"m_AlwaysRefresh":false,"showFog":true,"showSkybox":false,"showFlares":true,"showImageEffects":true,"showParticleSystems":true,"showVisualEffectGraphs":true,"m_FxEnabled":true},"in2DMode":false,"pivot":{"x":0.06452369689941406,"y":0.4607059955596924,"z":-0.44326794147491457},"rotation":{"x":0.08312759548425675,"y":-0.7938348054885864,"z":0.11146412044763565,"w":0.5920282602310181},"size":3.897613763809204,"orthographic":false}